ds,holiday
2017-07-04,public holiday
2018-07-04,public holiday
2019-07-04,public holiday
2020-07-04,public holiday
2021-07-04,public holiday
2017-12-25,public holiday
2018-12-25,public holiday
2019-12-25,public holiday
2020-12-25,public holiday
2021-12-25,public holiday
2017-12-24,public holiday
2018-12-24,public holiday
2019-12-24,public holiday
2020-12-24,public holiday
2021-12-24,public holiday
2018-10-08,public holiday
2017-10-09,public holiday
2021-10-11,public holiday
2020-10-12,public holiday
2019-10-14,public holiday
2018-04-08,public holiday
2017-04-16,public holiday
2020-04-19,public holiday
2019-04-28,public holiday
2021-05-02,public holiday
2020-06-19,public holiday
2021-06-19,public holiday
2017-06-19,public holiday
2018-06-19,public holiday
2019-06-19,public holiday
2019-09-02,public holiday
2018-09-03,public holiday
2017-09-04,public holiday
2021-09-06,public holiday
2020-09-07,public holiday
2019-08-31,public holiday
2019-09-01,public holiday
2018-09-01,public holiday
2018-09-02,public holiday
2017-09-02,public holiday
2017-09-03,public holiday
2021-09-04,public holiday
2021-09-05,public holiday
2020-09-05,public holiday
2009-09-06,public holiday
2020-09-06,public holiday
2018-01-15,public holiday
2017-01-16,public holiday
2021-01-18,public holiday
2020-01-20,public holiday
2019-01-21,public holiday
2020-05-25,public holiday
2019-05-27,public holiday
2018-05-28,public holiday
2017-05-29,public holiday
2021-05-31,public holiday
2017-01-01,public holiday
2018-01-01,public holiday
2019-01-01,public holiday
2020-01-01,public holiday
2021-01-01,public holiday
2017-12-31,public holiday
2018-12-31,public holiday
2019-12-31,public holiday
2020-12-31,public holiday
2021-12-31,public holiday
2018-11-22,public holiday
2017-11-23,public holiday
2021-11-25,public holiday
2020-11-26,public holiday
2019-11-28,public holiday
2018-11-21,public holiday
2017-11-22,public holiday
2021-11-24,public holiday
2020-11-25,public holiday
2019-11-27,public holiday
2017-02-14,public holiday
2018-02-14,public holiday
2019-02-14,public holiday
2020-02-14,public holiday
2021-02-14,public holiday
2017-11-11,public holiday
2018-11-11,public holiday
2019-11-11,public holiday
2020-11-11,public holiday
2021-11-11,public holiday
2020-02-17,public holiday
2019-02-18,public holiday
2018-02-19,public holiday
2017-02-20,public holiday
2021-02-15,public holiday
2018-04-01,public holiday
2021-04-04,public holiday
2020-04-12,public holiday
2019-04-21,public holiday
2022-01-01,public holiday
2022-01-17,public holiday
2022-02-21,public holiday
2022-05-30,public holiday
2022-06-17,public holiday
2022-06-19,public holiday
2022-06-20,public holiday
2022-07-04,public holiday
2022-09-05,public holiday
2022-10-10,public holiday
2022-11-11,public holiday
2022-11-24,public holiday
2022-12-25,public holiday
2022-12-26,public holiday
2023-01-01,public holiday
2023-01-02,public holiday
2023-01-16,public holiday
2023-02-20,public holiday
2023-05-29,public holiday
2023-06-19,public holiday
2023-07-04,public holiday
2023-09-04,public holiday
2023-10-09,public holiday
2023-11-10,public holiday
2023-11-11,public holiday
2023-11-13,public holiday
2023-11-23,public holiday
2023-12-25,public holiday
2024-01-01,public holiday
2024-01-15,public holiday
2024-02-19,public holiday
2017-01-02,public holiday
2017-04-14,public holiday
2017-05-22,public holiday
2017-07-03,public holiday
2017-08-07,public holiday
2017-12-26,public holiday
2017-12-27,public holiday
2017-12-28,public holiday
2017-12-29,public holiday
2018-03-30,public holiday
2018-05-21,public holiday
2018-07-02,public holiday
2018-08-06,public holiday
2018-12-26,public holiday
2018-12-27,public holiday
2018-12-28,public holiday
2019-04-19,public holiday
2019-05-20,public holiday
2019-07-01,public holiday
2019-08-05,public holiday
2019-12-26,public holiday
2019-12-27,public holiday
2019-12-30,public holiday
2020-04-10,public holiday
2020-05-18,public holiday
2020-07-01,public holiday
2020-08-03,public holiday
2020-12-28,public holiday
2020-12-29,public holiday
2020-12-30,public holiday
2021-04-02,public holiday
2021-05-24,public holiday
2021-07-01,public holiday
2021-07-02,public holiday
2021-08-02,public holiday
2021-12-27,public holiday
2021-12-28,public holiday
2021-12-29,public holiday
2021-12-30,public holiday
2022-01-03,public holiday
2022-02-22,public holiday
2022-04-15,public holiday
2022-05-23,public holiday
2022-07-01,public holiday
2022-08-01,public holiday
2022-10-11,public holiday
2022-12-27,public holiday
2022-12-28,public holiday
2022-12-29,public holiday
2022-12-30,public holiday
2023-04-07,public holiday
2023-05-22,public holiday
2023-07-03,public holiday
2023-08-07,public holiday
2023-12-26,public holiday
2023-12-27,public holiday
2023-12-28,public holiday
2023-12-29,public holiday
2024-03-29,public holiday